{
  "training_info": {
    "year": 2024,
    "race_name": "Monaco Grand Prix",
    "timestamp": "2025-06-29T23:31:02.706197",
    "cv_folds": 5,
    "n_train_samples": 968,
    "n_test_samples": 242,
    "n_features": 47
  },
  "model_results": {
    "GradientBoosting": {
      "train_rmse": 0.006953227603020952,
      "test_rmse": 0.4404138151270401,
      "train_mae": 0.005444883679184801,
      "test_mae": 0.14832688933952856,
      "train_r2": 0.999998370832316,
      "test_r2": 0.9867258516181224,
      "cv_rmse_mean": 0.7875421421470475,
      "cv_rmse_std": 0.44065154559879244
    },
    "ExtraTrees": {
      "train_rmse": 0.11244260368488584,
      "test_rmse": 0.46147753666786623,
      "train_mae": 0.08385579780811327,
      "test_mae": 0.1732101726548462,
      "train_r2": 0.9995739557752471,
      "test_r2": 0.9854257594922363,
      "cv_rmse_mean": 0.7330959889758317,
      "cv_rmse_std": 0.37061812057820226
    },
    "ElasticNet": {
      "train_rmse": 0.3522765036365959,
      "test_rmse": 0.3498377046191004,
      "train_mae": 0.18519159788174192,
      "test_mae": 0.18763495065375912,
      "train_r2": 0.9958182289634205,
      "test_r2": 0.9916243594611147,
      "cv_rmse_mean": 0.45440323898584073,
      "cv_rmse_std": 0.1670782169062243
    },
    "KNN": {
      "train_rmse": 2.4456716100984046e-07,
      "test_rmse": 1.384304329714048,
      "train_mae": 5.957057359058235e-08,
      "test_mae": 0.5198654290556554,
      "train_r2": 0.999999999999998,
      "test_r2": 0.8688561421539858,
      "cv_rmse_mean": 2.024012832650718,
      "cv_rmse_std": 0.9263850376360148
    },
    "Bagging_RF": {
      "train_rmse": 0.4921575420832185,
      "test_rmse": 0.4566044508412244,
      "train_mae": 0.1383423471074393,
      "test_mae": 0.16251853719008202,
      "train_r2": 0.991837913642615,
      "test_r2": 0.9857319349161214,
      "cv_rmse_mean": 1.2589634102513552,
      "cv_rmse_std": 0.8376814449376159
    },
    "XGBoost_Advanced": {
      "train_rmse": 0.017584968530584555,
      "test_rmse": 0.37677506043059594,
      "train_mae": 0.013582528547807183,
      "test_mae": 0.13642096855226604,
      "train_r2": 0.999989579799233,
      "test_r2": 0.9902848592490657,
      "cv_rmse_mean": 1.1176537181762334,
      "cv_rmse_std": 0.8590678898589934
    },
    "Ensemble_Voting": {
      "train_rmse": 0.08840450183270446,
      "test_rmse": 0.3646317004145639,
      "train_mae": 0.04753703631046579,
      "test_mae": 0.12719486557426268,
      "train_r2": 0.9997366449454574,
      "test_r2": 0.9909010003970852,
      "cv_rmse_mean": 0.7301233334853355,
      "cv_rmse_std": 0.4065001304780278
    }
  }
}