{
  "training_info": {
    "year": 2024,
    "race_name": "Monaco Grand Prix",
    "timestamp": "2025-06-29T19:03:07.979946",
    "cv_folds": 5,
    "n_train_samples": 968,
    "n_test_samples": 242,
    "n_features": 56
  },
  "model_results": {
    "Linear_Regression": {
      "train_rmse": 1.144622668755175e-14,
      "test_rmse": 1.0090029403069364e-14,
      "train_mae": 7.193511167819197e-15,
      "test_mae": 6.342034335709985e-15,
      "train_r2": 1.0,
      "test_r2": 1.0,
      "cv_rmse_mean": 1.1380336045131178e-14,
      "cv_rmse_std": 1.5798831003899398e-15
    },
    "Ridge_Regression": {
      "train_rmse": 0.018491317265131667,
      "test_rmse": 0.019687506149619487,
      "train_mae": 0.011552372180963623,
      "test_mae": 0.011059101380875661,
      "train_r2": 0.9999884779807656,
      "test_r2": 0.9999734743390494,
      "cv_rmse_mean": 0.05997066111656927,
      "cv_rmse_std": 0.0700461414747625
    },
    "Lasso_Regression": {
      "train_rmse": 1.2036729937446708,
      "test_rmse": 0.9885305947267491,
      "train_mae": 0.6947313360193265,
      "test_mae": 0.6453244034657613,
      "train_r2": 0.9511786337466235,
      "test_r2": 0.9331248096933933,
      "cv_rmse_mean": 1.4766429788496387,
      "cv_rmse_std": 0.9026304153745432
    },
    "Random_Forest": {
      "train_rmse": 0.31448631999656035,
      "test_rmse": 0.48751351355301215,
      "train_mae": 0.0924581438695933,
      "test_mae": 0.1668790319346941,
      "train_r2": 0.9966672985310654,
      "test_r2": 0.9837348483161984,
      "cv_rmse_mean": 1.0691821870422906,
      "cv_rmse_std": 0.6780579830122987
    },
    "SVR": {
      "train_rmse": 4.6159918256718,
      "test_rmse": 2.9395603197959153,
      "train_mae": 0.6592149504008958,
      "test_mae": 0.4755082269582307,
      "train_r2": 0.28200245735867124,
      "test_r2": 0.4086432569410686,
      "cv_rmse_mean": 3.7936573765674764,
      "cv_rmse_std": 2.9598211977303874
    }
  }
}